,precision,recall,f1-score,support
idle,0.3333333333333333,0.125,0.18181818181818182,8.0
passive,0.4166666666666667,0.625,0.5,8.0
studying,0.2,0.25,0.2222222222222222,4.0
accuracy,0.35,0.35,0.35,0.35
macro avg,0.31666666666666665,0.3333333333333333,0.30134680134680136,20.0
weighted avg,0.33999999999999997,0.35,0.3171717171717172,20.0
