,precision,recall,f1-score,support
music,0.4,0.3333333333333333,0.36363636363636365,6.0
silence,0.36363636363636365,0.6666666666666666,0.47058823529411764,6.0
speech,0.5,0.25,0.3333333333333333,8.0
accuracy,0.4,0.4,0.4,0.4
macro avg,0.4212121212121212,0.4166666666666667,0.38918597742127153,20.0
weighted avg,0.4290909090909091,0.4,0.3836007130124777,20.0
